selected_site,Z,pop_dev,cost_over,water_short,env_short
Boughrara,32094.2646,273.44371,474.98936,0.0,0.0
Rjim_Maatoug,29007.928438,238.60138,512.1754,1.3018219,0.0
Boughrara,31378.7044,261.04618,527.40864,0.0,0.0
Rjim_Maatoug,31438.629244,260.34251,537.8496,1.2941122,0.0
Boughrara,28671.2671,240.36962,463.43051,0.0,0.0
Rjim_Maatoug,35114.225838,286.36888,644.8721,1.4308419,0.0
Boughrara,34540.4923,294.61436,507.90563,0.0,0.0
Rjim_Maatoug,30256.287958,256.28978,460.13053,1.3002329,0.0
Boughrara,30515.4701,255.25199,499.02711,0.0,0.0
Rjim_Maatoug,28071.15232,223.29601,571.50623,1.324451,0.0
Boughrara,29326.8629,246.3917,468.76929,0.0,0.0
Boughrara,31743.901499999996,267.67875,497.60265,0.0,0.0
Boughrara,31771.319900000002,263.49779,542.15409,0.0,0.0
Rjim_Maatoug,33384.755079999995,282.12253,514.96961,1.140299,0.0
Boughrara,30743.8081,256.97783,504.60251,0.0,0.0
Rjim_Maatoug,30879.165366,256.48779,520.06076,1.4889383,0.0
Rjim_Maatoug,32767.967846,267.39817,600.07487,1.3701073,0.0
Boughrara,29391.320200000002,237.0448,568.68402,0.0,0.0
Rjim_Maatoug,31189.134179999997,252.39967,592.29741,1.309654,0.0
Rjim_Maatoug,35429.1914182,296.14359,579.67599,0.90362591,0.0
Boughrara,29895.7763,258.82218,401.35583,0.0,0.0
Rjim_Maatoug,30302.96987,258.62874,441.14339,1.4330985,0.0
Boughrara,31959.449699999997,278.14977,414.44727,0.0,0.0
Boughrara,31261.6251,266.34703,462.69221,0.0,0.0
Rjim_Maatoug,32222.60196,272.4435,495.22523,1.299983,0.0
Rjim_Maatoug,31709.084243999998,257.86672,590.16468,1.0382722,0.0
Rjim_Maatoug,32757.448494000004,273.11919,541.44615,1.5533997,0.0
Rjim_Maatoug,26907.036308,205.77285,630.7555,1.1098154,0.0
Boughrara,30871.3576,248.90388,598.09696,0.0,0.0
Boughrara,32081.499499999998,265.36376,554.51235,0.0,0.0
Rjim_Maatoug,27627.282742,228.45552,475.53249,1.3202921,0.0
Boughrara,30310.9718,262.8775,402.32218,0.0,0.0
Rjim_Maatoug,32333.221260000006,278.03536,450.56519,1.201668,0.0
Boughrara,33206.606100000005,278.89246,531.73601,0.0,0.0
Boughrara,32320.0351,265.51592,576.84431,0.0,0.0
Rjim_Maatoug,33190.420214,285.68184,460.07181,1.0759057,0.0
Boughrara,35984.7483,298.43924,614.08243,0.0,0.0
Boughrara,36606.3599,309.86689,561.96709,0.0,0.0
Rjim_Maatoug,28123.122668,239.45561,415.35517,1.2004984,0.0
Boughrara,29850.8534,244.15148,543.57054,0.0,0.0
Boughrara,33536.2526,277.4874,578.75126,0.0,0.0
Boughrara,32292.9625,273.813,491.16625,0.0,0.0
Rjim_Maatoug,34666.857897999995,297.1785,492.34288,1.2789549,0.0
Boughrara,28555.309699999998,245.67856,398.74537,0.0,0.0
Rjim_Maatoug,28975.92869,236.41571,531.27344,1.0811645,0.0
Boughrara,34230.9373,290.69419,516.15183,0.0,0.0
Boughrara,32334.6679,262.53447,608.12209,0.0,0.0
Rjim_Maatoug,37530.564314430005,324.64614,503.85368,1.3615316,0.036576486
Boughrara,32364.1261,260.73179,629.09471,0.0,0.0
Rjim_Maatoug,33924.197694,279.45014,595.46875,1.2248097,0.0
Rjim_Maatoug,30494.122102,246.74724,579.58241,1.1787001,0.0
Rjim_Maatoug,30998.693811999998,261.82023,479.17475,1.2461656,0.0
Boughrara,27544.3616,224.1754,512.68216,0.0,0.0
Rjim_Maatoug,34149.734884,279.83001,614.1918,1.2407942,0.0
Rjim_Maatoug,30437.238002000002,250.17682,539.31846,1.3185701,0.0
Boughrara,31851.2326,281.80528,367.07046,0.0,0.0
Boughrara,28928.4416,241.7274,475.57016,0.0,0.0
Boughrara,28053.6723,241.58677,389.49953,0.0,0.0
Boughrara,28520.8882,242.28046,429.28422,0.0,0.0
Rjim_Maatoug,33972.809106,273.03665,664.52488,1.1947653,0.0
Rjim_Maatoug,32429.306502,276.12323,479.15132,1.2735151,0.0
Boughrara,29822.069499999998,246.51527,517.05425,0.0,0.0
Boughrara,31429.4827,264.20107,500.93757,0.0,0.0
Rjim_Maatoug,34427.290582,289.0487,549.6372,1.3024291,0.0
Boughrara,33916.3109,279.22958,599.33529,0.0,0.0
Boughrara,34783.8102,300.63163,472.06472,0.0,0.0
Boughrara,30631.1347,256.82747,494.83877,0.0,0.0
Rjim_Maatoug,34365.172652,281.89995,615.12683,1.1954676,0.0
Boughrara,30483.1825,253.25657,515.75255,0.0,0.0
Boughrara,36510.48182632,316.87922,482.1827,0.036641316,0.0
Boughrara,30329.753299999997,246.98689,563.10643,0.0,0.0
Rjim_Maatoug,31710.916117999997,253.80772,630.39382,1.3102959,0.0
Boughrara,32652.7293,279.45625,470.71043,0.0,0.0
Rjim_Maatoug,32003.652358,262.56582,572.03998,1.3335279,0.0
Boughrara,28905.806300000004,240.62311,484.34953,0.0,0.0
Boughrara,26864.4407,229.51209,391.32317,0.0,0.0
Boughrara,32630.6351,277.23953,490.66821,0.0,0.0
Boughrara,30122.462799999998,246.57817,546.46458,0.0,0.0
Boughrara,31191.2647,264.2593,476.53347,0.0,0.0
Rjim_Maatoug,31006.145424,257.94205,518.65621,1.2689162,0.0
Rjim_Maatoug,34223.543764,288.62542,533.66073,1.2197232,0.0
Rjim_Maatoug,35232.78101200001,295.55693,565.1644,1.2722006,0.0
Rjim_Maatoug,32102.809178000003,262.03852,587.57581,1.1599539,0.0
Rjim_Maatoug,30847.227081999998,258.46401,497.76924,1.1566841,0.0
Boughrara,33234.7154,281.67811,506.69044,0.0,0.0
Boughrara,31286.982799999998,256.97224,558.97588,0.0,0.0
Rjim_Maatoug,31278.500916,264.58497,479.38606,1.3071658,0.0
Rjim_Maatoug,33093.968956,270.79868,598.78767,1.3112128,0.0
Boughrara,31643.2105628,273.5992,427.8752,0.22692814,0.0
Rjim_Maatoug,32356.574102,269.4945,538.50078,1.1058151,0.0
Rjim_Maatoug,32852.29528199999,274.67891,535.89984,1.2702941,0.0
Rjim_Maatoug,31245.899537999998,253.21978,590.22608,1.0830369,0.0
Rjim_Maatoug,29052.797218000003,227.73688,625.25688,1.3270209,0.0
Rjim_Maatoug,29549.611886,239.36708,558.5086,1.3908943,0.0
Boughrara,34368.4297,292.22868,514.55617,0.0,0.0
Boughrara,31881.0302,266.99668,518.13622,0.0,0.0
Rjim_Maatoug,34042.579026,279.84331,603.07917,1.3728163,0.0
Boughrara,28423.6852,237.49954,467.37312,0.0,0.0
Boughrara,31949.888999999996,269.66024,498.3865,0.0,0.0
Boughrara,29603.2807,253.01475,430.18057,0.0,0.0
Rjim_Maatoug,37316.678230000005,309.3249,635.86721,1.2758065,0.0
Rjim_Maatoug,32381.500895999998,265.91671,576.54919,1.2168998,0.0
Boughrara,32263.3087,278.11901,445.14077,0.0,0.0
Boughrara,33149.232299999996,273.53574,579.56583,0.0,0.0
Rjim_Maatoug,32406.152049999997,282.405,414.0135,1.2758525,0.0
Rjim_Maatoug,30807.784088,260.13176,476.91198,1.2744144,0.0
Rjim_Maatoug,30846.107383999995,254.9303,532.58368,1.3620292,0.0
Rjim_Maatoug,31333.521364000004,257.59892,555.14136,1.1107882,0.0
Boughrara,31327.182099999998,263.01239,502.59431,0.0,0.0
Rjim_Maatoug,34770.332178000004,285.3378,620.9229,1.3661589,0.0
Boughrara,29357.6708,249.49027,440.86438,0.0,0.0
Rjim_Maatoug,34762.077648,289.38162,579.99715,1.1972074,0.0
Boughrara,32701.585600000002,278.8994,481.16456,0.0,0.0
Rjim_Maatoug,34613.624612,295.76066,501.70295,1.0264556,0.0
Rjim_Maatoug,33670.204483999994,285.4607,509.65906,1.3771942,0.0
Boughrara,34112.2712,287.08863,540.34082,0.0,0.0
Boughrara,31730.301099999997,267.22862,500.74391,0.0,0.0
Rjim_Maatoug,36045.957912,306.64058,535.30662,1.4416856,0.0
Rjim_Maatoug,30666.020991999998,249.06384,573.73774,1.1129796,0.0
Rjim_Maatoug,30557.962666,253.77782,515.58381,1.2171283,0.0
Boughrara,24892.2782,203.06986,458.52922,0.0,0.0
Boughrara,32414.082199999997,267.39964,567.41182,0.0,0.0
Boughrara,30997.1735,255.10126,548.70475,0.0,0.0
Rjim_Maatoug,31085.637634,241.68718,689.39702,1.1474717,0.0
Rjim_Maatoug,33526.036503999996,287.21707,478.00814,1.2124052,0.0
Boughrara,33625.6843,295.58349,406.73353,0.0,0.0
Boughrara,31492.7849484,265.72541,491.63448,0.19495742,0.0
Boughrara,31601.332799999996,271.92064,440.92688,0.0,0.0
Rjim_Maatoug,33630.157436,277.35516,586.76977,1.3471868,0.0
Boughrara,31445.9316,260.20701,542.52306,0.0,0.0
Boughrara,32963.087999999996,276.09688,535.34,0.0,0.0
Rjim_Maatoug,29239.827628,247.67785,444.61653,1.2938664,0.0
Boughrara,29687.974299999998,243.12031,537.59433,0.0,0.0
Boughrara,33723.5117,299.95594,372.79177,0.0,0.0
Boughrara,30424.0636,250.59606,536.44576,0.0,0.0
Boughrara,32889.5525,275.16155,537.33975,0.0,0.0
Rjim_Maatoug,30230.775569999998,236.27819,657.72138,1.2871385,0.0
Boughrara,36679.9931,315.75503,510.44901,0.0,0.0
Boughrara,32135.2834,278.49066,428.62174,0.0,0.0
Rjim_Maatoug,32443.409322,282.20016,419.94242,1.1984561,0.0
Boughrara,32120.2734,260.14741,610.55324,0.0,0.0
Rjim_Maatoug,33179.461444,292.20731,393.52651,1.1732672,0.0
Rjim_Maatoug,35581.686374,292.43755,631.39811,1.1975137,0.0
Rjim_Maatoug,32900.156460000006,276.42567,522.59982,1.579563,0.0
Rjim_Maatoug,34974.826622,307.37884,421.45382,1.1202211,0.0
Boughrara,29746.0184,251.70325,457.56934,0.0,0.0
Rjim_Maatoug,31220.974860000002,263.7101,482.45195,1.272268,0.0
Rjim_Maatoug,30483.317572,248.87575,556.95468,1.3097886,0.0
Rjim_Maatoug,34646.093738,288.982,572.00361,1.3928819,0.0
Rjim_Maatoug,31551.102474,252.74539,625.23198,1.2121837,0.0
Rjim_Maatoug,30008.541306,241.55994,582.30963,1.4725503,0.0
Boughrara,28183.0061,236.80156,450.28501,0.0,0.0
Rjim_Maatoug,33439.39542,276.0199,581.47217,1.134186,0.0
Boughrara,33006.838899999995,282.04952,480.18869,0.0,0.0
Boughrara,36777.741200000004,309.82482,579.52592,0.0,0.0
Boughrara,31514.454599999997,262.58303,525.61516,0.0,0.0
Rjim_Maatoug,34263.857074,286.32132,560.45305,1.3597287,0.0
Boughrara,30234.564,258.1039,442.4174,0.0,0.0
Rjim_Maatoug,31286.590021999997,256.01805,565.69399,1.3922561,0.0
Boughrara,31942.178399999997,268.80283,506.18954,0.0,0.0
Rjim_Maatoug,31835.817352,267.34542,507.62595,1.2507926,0.0
Rjim_Maatoug,33794.606088,278.20582,594.40828,1.4970644,0.0
Boughrara,29472.6827,257.60167,371.25157,0.0,0.0
Boughrara,32990.0021,277.55181,523.48211,0.0,0.0
Rjim_Maatoug,33198.453224,277.39756,543.62101,1.1243562,0.0
Boughrara,31417.006899999997,262.96966,512.00409,0.0,0.0
Rjim_Maatoug,30184.806081999996,241.72797,598.09242,1.5542441,0.0
Boughrara,30260.1509,252.42019,501.81319,0.0,0.0
Boughrara,34205.167199999996,294.4745,475.77172,0.0,0.0
Rjim_Maatoug,31287.965180000003,269.83273,427.88184,1.293689,0.0
Rjim_Maatoug,28904.473385999998,237.99379,508.31343,1.0980043,0.0
Boughrara,32477.697099999998,274.39013,503.86841,0.0,0.0
Rjim_Maatoug,32336.171908,265.58609,575.2427,1.2567954,0.0
Rjim_Maatoug,31630.154402,266.44313,496.04468,1.2697301,0.0
Boughrara,33358.791000000005,287.79376,457.9415,0.0,0.0
Rjim_Maatoug,27473.567010000002,213.02523,614.60315,1.2506255,0.0
Rjim_Maatoug,32678.018035999998,280.7059,458.27977,1.2315168,0.0
Rjim_Maatoug,31087.253508,248.60518,620.14382,1.2648654,0.0
Rjim_Maatoug,29323.452432000002,238.44641,545.65263,1.1142566,0.0
Boughrara,30862.582599999998,268.13924,404.86586,0.0,0.0
Boughrara,31402.194699999996,258.64946,553.72487,0.0,0.0
Boughrara,29914.3514,253.66883,454.74684,0.0,0.0
Boughrara,29920.9369,249.42061,497.88759,0.0,0.0
Rjim_Maatoug,29018.559366,250.36366,395.76444,1.2274483,0.0
Boughrara,36057.0807,318.35163,422.19177,0.0,0.0
Boughrara,27000.2421,225.77092,442.31501,0.0,0.0
Rjim_Maatoug,32478.055426,279.05009,454.8993,1.2026713,0.0
Boughrara,30960.6287,263.4987,461.07587,0.0,0.0
Boughrara,31939.422400000003,268.31195,510.82274,0.0,0.0
Rjim_Maatoug,31039.307202000004,251.84316,582.87815,1.3104851,0.0
Rjim_Maatoug,33560.004197999995,285.86516,494.84748,1.2506699,0.0
Rjim_Maatoug,30394.711620000002,249.42004,542.6931,1.288831,0.0
Boughrara,36614.9021,320.37446,457.74561,0.0,0.0
Boughrara,33603.7313,294.65025,413.87063,0.0,0.0
Rjim_Maatoug,36279.748368,299.39753,631.69336,1.1530884,0.0
Rjim_Maatoug,29890.372294,252.19975,464.68964,1.1750447,0.0
Rjim_Maatoug,31315.437948000003,277.73431,351.74808,1.2263074,0.0
Boughrara,30259.2552,250.70861,518.83942,0.0,0.0
Boughrara,29496.5413,238.07679,568.88623,0.0,0.0
Rjim_Maatoug,33707.774104000004,293.61317,431.68438,1.4806652,0.0
Boughrara,31170.253699999997,272.64309,390.59447,0.0,0.0
Boughrara,34829.7002,305.85824,424.38762,0.0,0.0
Rjim_Maatoug,33680.6826642,284.11419,525.11866,0.90385321,0.0
Boughrara,29410.664299999997,242.47798,516.28663,0.0,0.0
Boughrara,31166.9856,269.02745,426.42406,0.0,0.0
Boughrara,33837.063200000004,292.52703,458.43602,0.0,0.0
Rjim_Maatoug,31629.879392000003,261.64074,543.86916,1.3556896,0.0
Boughrara,28778.6088,251.76344,360.22648,0.0,0.0
Rjim_Maatoug,33486.82223,280.24594,543.74006,1.2413815,0.0
Boughrara,32277.2694,278.37858,443.94114,0.0,0.0
Rjim_Maatoug,33449.5861,271.45471,627.83608,1.287715,0.0
Boughrara,33016.6516,279.4243,507.42216,0.0,0.0
Boughrara,30053.634299999998,241.02517,595.11173,0.0,0.0
Rjim_Maatoug,35017.875801999995,290.99376,588.99398,1.4280001,0.0
Boughrara,31619.9605,263.92518,522.74425,0.0,0.0
Rjim_Maatoug,33938.513738,286.12246,530.08163,1.2725719,0.0
Boughrara,31397.559400000002,254.29667,596.78924,0.0,0.0
Boughrara,32651.6521,275.09175,514.24771,0.0,0.0
Boughrara,29726.4418,240.86145,564.02968,0.0,0.0
Rjim_Maatoug,28675.702518,238.82629,476.63278,1.3372859,0.0
Rjim_Maatoug,32827.110327999995,274.15729,538.83116,1.1534864,0.0
Boughrara,30163.3074,258.74882,428.84254,0.0,0.0
Rjim_Maatoug,28042.007516,224.03111,561.52775,1.1809508,0.0
Boughrara,27764.5166,234.30358,433.41586,0.0,0.0
Boughrara,30868.9342,263.58038,451.08962,0.0,0.0
Boughrara,30514.575800000002,256.15688,489.88878,0.0,0.0
Boughrara,29636.221299999997,258.40639,379.55823,0.0,0.0
Rjim_Maatoug,32781.574250000005,270.85315,567.4669,1.0795125,0.0
Boughrara,32369.4905,274.86758,488.27325,0.0,0.0
Boughrara,35194.2542,299.68799,522.54552,0.0,0.0
Boughrara,30118.164,256.02224,451.594,0.0,0.0
Boughrara,32340.584300000002,266.22521,571.80633,0.0,0.0
Boughrara,31699.503500000003,270.36621,466.28825,0.0,0.0
Boughrara,33869.960699999996,291.46428,472.35327,0.0,0.0
Boughrara,30895.1395,271.02922,379.22175,0.0,0.0
Rjim_Maatoug,32860.746734,278.46621,498.91423,1.2491717,0.0
Boughrara,28876.9397,231.55264,572.16757,0.0,0.0
Rjim_Maatoug,32695.135111999996,258.34324,683.60069,1.2402106,0.0
Boughrara,33994.1633,292.61388,473.27753,0.0,0.0
Boughrara,33227.2508,289.47401,427.98498,0.0,0.0
Rjim_Maatoug,29717.75552,245.48887,514.48975,1.198551,0.0
Boughrara,28061.4204,231.07779,495.36414,0.0,0.0
Boughrara,32989.8210986,286.13099,437.3281,0.17205493,0.0
Boughrara,28457.0855,226.66911,579.01745,0.0,0.0
Rjim_Maatoug,29339.273567999997,234.70158,584.22764,1.3419584,0.0
Boughrara,29790.810800000003,238.59424,593.13868,0.0,0.0
Rjim_Maatoug,28146.354823999995,230.93344,502.95237,1.1743562,0.0
Rjim_Maatoug,27972.212556,233.33062,461.44579,1.2346328,0.0
Boughrara,32923.6671,276.55218,526.84491,0.0,0.0
Boughrara,31105.379299999997,252.04366,590.10133,0.0,0.0
Boughrara,32814.2055,274.00379,541.38265,0.0,0.0
Boughrara,27027.579299999998,224.96444,453.11353,0.0,0.0
Boughrara,32407.7466,269.83231,542.45156,0.0,0.0
Boughrara,28760.6715,244.20613,434.00585,0.0,0.0
Boughrara,31391.923100000004,263.54002,503.79211,0.0,0.0
Rjim_Maatoug,32232.046978,266.44077,556.29327,1.2518639,0.0
Boughrara,28917.333099999996,238.62685,505.46481,0.0,0.0
Boughrara,31008.4542,269.3183,407.66242,0.0,0.0
Boughrara,28593.328800000003,239.93673,459.96558,0.0,0.0
Rjim_Maatoug,31886.160290000003,262.32073,562.73864,1.3350445,0.0
Boughrara,31509.765300000003,263.06261,520.35043,0.0,0.0
Rjim_Maatoug,31553.192148,263.3621,518.96417,1.3670224,0.0
Rjim_Maatoug,33445.60437,278.0835,561.18379,1.2708235,0.0
Rjim_Maatoug,32188.204058,267.58862,540.40843,1.2628879,0.0
Boughrara,30232.0631,254.07508,482.45551,0.0,0.0
Boughrara,37895.4229,318.92715,600.27079,0.0,0.0
Boughrara,35721.9247,303.59039,536.28857,0.0,0.0
Boughrara,28049.9281,229.49499,510.04291,0.0,0.0
Boughrara,28953.8096,242.33061,472.07486,0.0,0.0
Boughrara,31042.1109,269.33862,410.82489,0.0,0.0
Rjim_Maatoug,36261.148596,314.36367,480.07684,1.2006598,0.0
Boughrara,30352.896,245.74983,577.7913,0.0,0.0
Rjim_Maatoug,35094.285902,290.95386,597.38634,1.2518251,0.0
Boughrara,33281.4354,276.97211,558.42244,0.0,0.0
Rjim_Maatoug,31812.026222,265.87966,519.50881,1.4486061,0.0
Rjim_Maatoug,27083.688162,213.40391,571.91193,1.2088931,0.0
Boughrara,31512.8751,263.45148,516.77271,0.0,0.0
Boughrara,31005.9655,259.01635,510.43305,0.0,0.0
Boughrara,32424.2614,280.85334,433.89274,0.0,0.0
Boughrara,36140.62038146,313.35054,480.39875,0.078944073,0.0
Rjim_Maatoug,28574.502474,232.10311,533.56635,1.4263987,0.0
Rjim_Maatoug,27936.78883,220.5282,586.37739,1.0097465,0.0
Boughrara,25961.7668,217.90745,417.10218,0.0,0.0
Rjim_Maatoug,29897.192905999997,256.55264,421.3725,1.4101953,0.0
Rjim_Maatoug,35058.909256,305.98654,443.39545,1.3150378,0.0
Rjim_Maatoug,32510.06104,256.87668,680.17431,1.032497,0.0
Boughrara,30601.1212,265.25646,407.54752,0.0,0.0
Boughrara,29689.2184,245.15438,517.37804,0.0,0.0
Boughrara,31434.320699999997,249.52449,648.18717,0.0,0.0
Boughrara,32291.7701,267.98854,549.29161,0.0,0.0
Rjim_Maatoug,30792.614601999998,243.16764,645.02276,1.2811501,0.0
Boughrara,32796.2642,279.37179,485.90852,0.0,0.0
Rjim_Maatoug,30592.760938,247.60564,580.41277,1.4034619,0.0
Boughrara,27919.336015399997,236.00024,431.71629,0.10745577,0.0
Rjim_Maatoug,37207.185372,302.41965,694.14775,1.1871436,0.0
Boughrara,30725.596800000003,271.34912,359.06848,0.0,0.0
Boughrara,26485.3123,213.71063,511.42493,0.0,0.0
Boughrara,34615.072700000004,296.58523,495.65497,0.0,0.0
Rjim_Maatoug,33538.508824000004,275.28425,598.81767,1.0953562,0.0
Boughrara,33552.9805,288.80445,467.25355,0.0,0.0
Boughrara,28109.9081,231.17717,499.21911,0.0,0.0
Boughrara,33755.2575,284.4982,530.54375,0.0,0.0
Rjim_Maatoug,33588.093062,285.12384,504.68443,1.4432381,0.0
Boughrara,29900.161999999997,250.46828,485.3334,0.0,0.0
Boughrara,30724.996700000003,261.4913,457.58667,0.0,0.0
Rjim_Maatoug,32206.776920000004,263.21008,586.2685,1.154196,0.0
Boughrara,31253.451699999998,254.78744,577.47077,0.0,0.0
Boughrara,30610.1489,268.98374,371.17749,0.0,0.0
Rjim_Maatoug,33239.271220999995,273.64561,585.486,0.99251105,0.0
Rjim_Maatoug,31420.342018000003,258.36882,555.50539,1.4203059,0.0
Boughrara,28840.567600000002,230.14248,582.63196,0.0,0.0
Boughrara,32100.2806,268.20201,528.00796,0.0,0.0
Rjim_Maatoug,31046.473062,257.59061,526.6338,1.0537031,0.0
Rjim_Maatoug,33577.290446,282.46326,530.47742,1.3095123,0.0
Boughrara,34577.9196,297.07664,487.02556,0.0,0.0
Boughrara,32844.77420000001,290.16412,382.83622,0.0,0.0
Rjim_Maatoug,33997.167934000005,288.55864,511.42842,1.3509867,0.0
Rjim_Maatoug,29376.626108,235.02481,585.15592,1.1292954,0.0
Boughrara,29597.57,249.26689,467.0881,0.0,0.0
Rjim_Maatoug,30661.422502,273.99295,323.55496,1.3288951,0.0
Rjim_Maatoug,35387.87583,304.97216,486.41815,1.3239165,0.0
Boughrara,30316.128600000004,259.65032,435.10966,0.0,0.0
Boughrara,31764.4724,268.6836,489.61124,0.0,0.0
Boughrara,31654.3914,253.23036,633.13554,0.0,0.0
Rjim_Maatoug,29654.933001999998,242.46632,538.36257,1.2337651,0.0
Boughrara,32101.2944,275.50433,455.08614,0.0,0.0
Boughrara,32717.616799999996,285.35148,418.24688,0.0,0.0
Rjim_Maatoug,30853.973972,247.64735,606.76743,1.0782336,0.0
Rjim_Maatoug,29615.704018,246.56277,493.00723,1.4677359,0.0
Boughrara,28031.652899999997,238.33987,419.76659,0.0,0.0
Rjim_Maatoug,28287.957631999998,224.78151,578.15578,1.4124416,0.0
Rjim_Maatoug,31748.683138,264.34341,529.16602,1.1340969,0.0
Boughrara,30745.1954,261.66645,457.85504,0.0,0.0
Rjim_Maatoug,33264.31052,276.82025,555.64364,1.292456,0.0
Boughrara,25866.3629,213.21682,454.46809,0.0,0.0
Rjim_Maatoug,34014.753756,282.9478,569.15919,1.4190928,0.0
Rjim_Maatoug,29691.873848000003,239.15477,574.69313,1.4732774,0.0
Boughrara,32301.892600000003,277.10304,459.15886,0.0,0.0
Boughrara,30265.4203,251.6034,510.50803,0.0,0.0
Boughrara,30675.867199999997,262.35864,444.00032,0.0,0.0
Rjim_Maatoug,24736.300914,189.23761,578.75358,1.2502057,0.0
Rjim_Maatoug,32208.580492,268.84353,530.06051,1.1811196,0.0
Boughrara,30085.017900000003,257.96298,428.87199,0.0,0.0
Rjim_Maatoug,27681.773682,227.35192,492.18403,1.2370691,0.0
Boughrara,32507.770099999998,265.47814,595.99561,0.0,0.0
Boughrara,30668.8597,251.88577,548.02827,0.0,0.0
Boughrara,30935.464,262.04738,473.0726,0.0,0.0
Boughrara,33756.9406,284.2038,533.65606,0.0,0.0
Boughrara,32184.144399999997,278.40992,434.31524,0.0,0.0
Boughrara,33369.865900000004,282.85007,508.48589,0.0,0.0
Rjim_Maatoug,35041.512528,288.04363,621.08034,1.3173064,0.0
Boughrara,27582.2417,230.17571,456.46707,0.0,0.0
Rjim_Maatoug,29862.87456,246.15195,522.25093,1.258513,0.0
Boughrara,32360.5067,284.27072,393.34347,0.0,0.0
Rjim_Maatoug,31866.256218,254.03356,643.64731,1.3213559,0.0
Boughrara,27355.6339,231.14671,424.09629,0.0,0.0
Rjim_Maatoug,27034.628464,214.07448,560.4949,1.1115732,0.0
Rjim_Maatoug,31518.776942,260.41118,545.59323,1.0863321,0.0
Boughrara,32323.034400000004,267.78464,554.45704,0.0,0.0
Boughrara,31112.324200000003,257.87952,532.43722,0.0,0.0
Boughrara,32381.48047138,287.06146,367.39013,0.071658569,0.0
Boughrara,34467.8177,290.77906,538.99117,0.0,0.0
Boughrara,34305.9375,294.85034,482.09035,0.0,0.0
Rjim_Maatoug,33210.425026,288.19921,436.19729,1.4265563,0.0
Boughrara,31733.3099,258.96233,583.70769,0.0,0.0
Rjim_Maatoug,32184.061414000003,259.42921,621.88034,1.1168507,0.0
Rjim_Maatoug,33421.91899,291.20475,427.44935,1.3475245,0.0
Boughrara,33557.5356,282.37623,531.99126,0.0,0.0
Rjim_Maatoug,27645.548354,233.37649,428.25608,1.2669277,0.0
Rjim_Maatoug,32042.662382000002,272.27492,479.14451,1.1862641,0.0
Rjim_Maatoug,33434.003096,276.736,573.32057,1.3598698,0.0
Rjim_Maatoug,30910.019704000002,248.68134,601.38453,1.4020202,0.0
Boughrara,32346.1001,280.62582,428.35181,0.0,0.0
Boughrara,29417.263,247.43771,467.3492,0.0,0.0
Boughrara,32883.2074,271.39711,574.34964,0.0,0.0
Boughrara,31743.567199999998,275.64817,417.87502,0.0,0.0
Rjim_Maatoug,31799.061867999997,271.55726,462.1212,1.1061934,0.0
Boughrara,32488.745300000002,278.01465,468.72803,0.0,0.0
Rjim_Maatoug,31215.670893999995,247.61645,643.17629,1.1131497,0.0
Boughrara,32573.301700000004,270.4494,552.83617,0.0,0.0
Rjim_Maatoug,33496.915887999996,279.95459,547.70169,1.2219994,0.0
Boughrara,31708.610099999998,265.55253,515.33571,0.0,0.0
Boughrara,33948.9553,297.67428,418.15273,0.0,0.0
Rjim_Maatoug,37365.148492,313.96902,594.18576,1.3194446,0.0
Boughrara,33580.0014,288.01883,477.81184,0.0,0.0
Rjim_Maatoug,29202.893190000003,226.08411,657.08571,1.1812545,0.0
Rjim_Maatoug,32519.759606,285.53492,394.22314,1.2018103,0.0
Boughrara,28759.808299999997,236.12514,514.72943,0.0,0.0
Boughrara,31479.534999999996,272.0259,427.6945,0.0,0.0
Boughrara,30326.2205,253.83137,494.30835,0.0,0.0
Rjim_Maatoug,32915.770295999995,279.93733,489.42044,1.3916448,0.0
Boughrara,36272.0038,308.76023,539.59808,0.0,0.0
Rjim_Maatoug,29401.662602,224.58748,691.98558,1.1529401,0.0
Rjim_Maatoug,32014.604956,262.47835,574.352,1.1624978,0.0
Boughrara,33937.3193,290.67485,486.98343,0.0,0.0
Boughrara,29519.8186,238.22114,569.77046,0.0,0.0
Rjim_Maatoug,30501.679518,254.17416,505.65884,1.3837559,0.0
Boughrara,28253.1716,237.28145,452.50266,0.0,0.0
Boughrara,29227.2748,238.77409,534.98658,0.0,0.0
Rjim_Maatoug,30868.209042,252.76082,556.8409,1.1859021,0.0
Rjim_Maatoug,34298.648016,290.1486,525.91979,1.2295058,0.0
Boughrara,31742.442,255.83069,615.9373,0.0,0.0
Rjim_Maatoug,31203.74111,254.10208,576.89541,1.2289505,0.0
Boughrara,31006.2662,251.2621,588.00562,0.0,0.0
Boughrara,32483.057599999996,273.11213,517.18446,0.0,0.0
Rjim_Maatoug,30578.85718,257.20371,483.02005,1.414284,0.0
Boughrara,31699.3591,260.90191,560.91681,0.0,0.0
Boughrara,28773.9891,240.10656,476.33331,0.0,0.0
Boughrara,32983.4032,278.55774,512.76292,0.0,0.0
Boughrara,33966.2748,288.26547,513.97278,0.0,0.0
Boughrara,31540.3352,267.93211,474.71242,0.0,0.0
Boughrara,33765.1272,290.63159,470.19682,0.0,0.0
Boughrara,31743.9825,269.83108,476.08745,0.0,0.0
Rjim_Maatoug,34984.296504000005,298.39316,512.01153,1.2432602,0.0
Boughrara,32422.6452,264.11148,601.14972,0.0,0.0
Rjim_Maatoug,32038.827842,267.51773,526.32382,1.1908321,0.0
Boughrara,29670.6373,252.53349,441.72883,0.0,0.0
Rjim_Maatoug,28788.782898,232.27059,553.85766,1.1573649,0.0
Rjim_Maatoug,31024.251916,261.21158,487.56089,1.3742508,0.0
Rjim_Maatoug,31072.134436,261.60861,488.7081,1.2096218,0.0
Boughrara,34681.3248,296.77451,500.38738,0.0,0.0
Rjim_Maatoug,32753.094391749997,272.17084,550.97289,1.1968083,0.46906515
Rjim_Maatoug,28509.52904,231.49015,533.5591,1.246152,0.0
Boughrara,29437.0962,249.27997,450.90992,0.0,0.0
Boughrara,29059.544899999997,240.25724,503.38209,0.0,0.0
Boughrara,33634.905699999996,279.98296,563.66097,0.0,0.0
Boughrara,30895.317600000002,265.08058,438.72596,0.0,0.0
Rjim_Maatoug,33534.5711,275.84976,592.37693,1.29129,0.0
Rjim_Maatoug,31040.475086,255.36791,547.89161,1.2383993,0.0
Rjim_Maatoug,35946.620416000005,314.23593,450.05765,1.1225458,0.0
Rjim_Maatoug,31046.975596000004,267.37927,428.25832,1.3232698,0.0
Rjim_Maatoug,31397.312642000004,253.54256,601.57714,1.3642621,0.0
Boughrara,33470.3414,289.25717,454.46244,0.0,0.0
Rjim_Maatoug,30274.69244,250.02129,524.75715,1.249597,0.0
Rjim_Maatoug,29139.063525999998,237.53345,536.43557,1.0681413,0.0
Rjim_Maatoug,29425.099860000002,244.5343,494.5125,1.327243,0.0
Rjim_Maatoug,35259.473143999996,295.9401,563.99178,1.2772672,0.0
Boughrara,29424.840899999996,249.539,447.09409,0.0,0.0
Boughrara,30524.2655,248.40644,568.36215,0.0,0.0
Boughrara,29106.418999999998,240.97311,500.9108,0.0,0.0
Rjim_Maatoug,32405.263840505,249.51822,742.69188,1.3048063,0.085382901
Rjim_Maatoug,32915.575354,285.12161,437.94542,1.1980077,0.0
Boughrara,36346.2556,318.7278,447.34756,0.0,0.0
Boughrara,29936.2583,257.79223,415.70353,0.0,0.0
Rjim_Maatoug,36823.146278,310.87538,570.94163,1.3095989,0.0
Boughrara,27951.8509,235.83761,436.80899,0.0,0.0
Boughrara,32040.0528,274.88762,455.12908,0.0,0.0
Rjim_Maatoug,28207.671358,226.95173,548.82307,1.2133829,0.0
Boughrara,32413.4894,275.93906,481.95834,0.0,0.0
Rjim_Maatoug,27971.259751999998,226.69474,527.68841,1.2450826,0.0
Rjim_Maatoug,30805.446666,252.25937,555.0969,1.4270333,0.0
Boughrara,30978.2443,264.52185,452.60593,0.0,0.0
Rjim_Maatoug,32012.984539999998,260.08304,598.26026,1.103897,0.0
Rjim_Maatoug,33878.72455,279.16549,593.64194,1.2878075,0.0
Boughrara,29970.099299999998,254.05763,456.43363,0.0,0.0
Rjim_Maatoug,29803.092319999996,248.72566,490.70741,1.172611,0.0
Boughrara,32163.683600000004,258.8471,627.89736,0.0,0.0
Rjim_Maatoug,35894.664727999996,297.4949,611.99557,1.2609514,0.0
Rjim_Maatoug,32733.260557999998,276.25842,508.45372,1.1440679,0.0
Boughrara,33441.5649,295.52988,388.85769,0.0,0.0
Rjim_Maatoug,29907.068078,246.92637,518.54058,1.4512639,0.0
Boughrara,37276.7865,321.2855,514.82365,0.0,0.0
Rjim_Maatoug,32203.143738,274.60143,471.60846,1.3458069,0.0
Boughrara,34081.886999999995,292.33385,484.8502,0.0,0.0
Boughrara,30543.2068,247.36764,580.64428,0.0,0.0
Rjim_Maatoug,23870.296718,185.48379,529.86365,1.1640609,0.0
Boughrara,34136.3399,303.11161,382.51789,0.0,0.0
Rjim_Maatoug,32892.665314,272.69176,559.9171,1.2159157,0.0
Boughrara,29241.6453,243.22122,491.95233,0.0,0.0
Boughrara,30990.372499999998,264.50925,453.94475,0.0,0.0
Boughrara,30637.223400000003,261.94292,444.29314,0.0,0.0
Boughrara,30819.8126,266.25742,419.40706,0.0,0.0
Boughrara,34998.2815,294.21313,557.69685,0.0,0.0
Boughrara,33433.7428,281.49476,528.42668,0.0,0.0
Rjim_Maatoug,33423.546902,283.31381,506.70801,1.2542901,0.0
Boughrara,34313.1299,290.64189,524.89409,0.0,0.0
Rjim_Maatoug,30128.10794,241.20991,598.12428,1.293707,0.0
Boughrara,27179.449500000002,229.24362,425.50875,0.0,0.0
Rjim_Maatoug,35099.1602,286.3432,644.2681,1.10796,0.0
Rjim_Maatoug,33262.51821,271.32434,610.69831,1.1550555,0.0
Boughrara,30808.197,257.04798,510.3399,0.0,0.0
Boughrara,36373.1628,320.65395,430.77678,0.0,0.0
Boughrara,31732.8846,268.24428,490.84566,0.0,0.0
Boughrara,29875.815599999998,234.16955,645.88606,0.0,0.0
Boughrara,32836.0358,271.19557,571.64788,0.0,0.0
Rjim_Maatoug,30758.385682,255.30908,520.59607,1.0758491,0.0
Boughrara,31578.460900000002,277.26737,385.17239,0.0,0.0
Rjim_Maatoug,36702.843674,311.53902,552.8446,1.0247837,0.0
Boughrara,33478.4492,290.3895,443.94992,0.0,0.0
Boughrara,32770.888,279.48653,482.2235,0.0,0.0
Rjim_Maatoug,32998.165712,277.76422,519.26127,1.4565506,0.0
Rjim_Maatoug,33455.478032,282.02298,522.49804,1.4099816,0.0
Rjim_Maatoug,31409.366901999994,257.09594,567.35342,1.3119351,0.0
Boughrara,33045.4539,279.37536,510.79179,0.0,0.0
Rjim_Maatoug,32872.0452,274.54589,539.31294,1.21634,0.0
Boughrara,33480.2016,281.13464,536.67376,0.0,0.0
Boughrara,30930.986599999997,260.68965,486.20216,0.0,0.0
Rjim_Maatoug,30520.826808599995,256.9011,480.68838,1.1066678,0.33993052
Rjim_Maatoug,30383.086812,252.95281,506.13133,1.3246256,0.0
Boughrara,29000.6723716,242.77795,471.86747,0.21013358,0.0
Rjim_Maatoug,32293.131974000004,263.30291,593.90708,1.1885087,0.0
Boughrara,29553.1809,240.69875,548.33059,0.0,0.0
Boughrara,35516.977399999996,310.31104,448.58734,0.0,0.0
Boughrara,33136.9636,279.69371,516.75926,0.0,0.0
Boughrara,27746.8744,234.21187,432.56874,0.0,0.0
Rjim_Maatoug,29654.16354,247.62843,486.71471,1.208672,0.0
Boughrara,31348.914010960005,271.28617,421.88238,0.073660548,0.0
Boughrara,26858.073300000004,222.99473,455.86003,0.0,0.0
Rjim_Maatoug,28369.64169,219.48746,639.86423,1.1126695,0.0
Boughrara,34351.0648,295.6305,478.80148,0.0,0.0
Rjim_Maatoug,28104.462194,225.47448,553.45163,1.1248947,0.0
Boughrara,29937.2443,255.21086,441.61583,0.0,0.0
Rjim_Maatoug,36400.824433999995,295.44705,683.47982,1.0660617,0.0
Rjim_Maatoug,35480.249218000004,294.17883,603.20654,1.5150409,0.0
Boughrara,31618.3792,269.2643,469.19492,0.0,0.0
Boughrara,33949.386,300.99828,384.9558,0.0,0.0
Rjim_Maatoug,27319.153258,216.35118,566.09718,1.1531729,0.0
Rjim_Maatoug,32765.684021999998,273.29526,541.4194,1.0982011,0.0
Boughrara,33629.1458,288.65979,476.31668,0.0,0.0
Boughrara,29945.003900000003,236.96327,624.86769,0.0,0.0
Boughrara,29836.519699999997,250.25727,481.07927,0.0,0.0
Boughrara,28965.457199999997,237.28278,523.71792,0.0,0.0
Rjim_Maatoug,33489.748202,271.1437,635.15214,1.1928401,0.0
Boughrara,32912.8096,280.22587,489.02226,0.0,0.0
Boughrara,33627.1589,289.74667,465.24919,0.0,0.0
Rjim_Maatoug,32247.220504,266.46261,557.43496,1.3304952,0.0
Boughrara,32621.8718,286.15323,400.65488,0.0,0.0
Rjim_Maatoug,33962.459848,294.06257,453.09478,1.2627524,0.0
Rjim_Maatoug,32650.996208,270.11263,561.31956,1.3268804,0.0
Rjim_Maatoug,32348.082086,276.81971,464.54718,1.0319643,0.0
Rjim_Maatoug,30262.281204,236.62233,657.7733,1.1157602,0.0
Boughrara,33038.4869,284.0883,462.96569,0.0,0.0
Rjim_Maatoug,31521.501377999997,252.66008,623.15035,1.1994939,0.0
Boughrara,29808.727804899998,253.04528,450.23017,0.094905245,0.0
Rjim_Maatoug,30383.012450000002,251.58234,520.06664,1.2056025,0.0
Rjim_Maatoug,37879.15584,325.91879,526.34775,1.189967,0.0
Boughrara,33579.0229,293.84663,419.43599,0.0,0.0
Boughrara,28691.3564,242.74183,441.71734,0.0,0.0
Boughrara,33006.8281,282.72769,473.40591,0.0,0.0
Rjim_Maatoug,32398.876806,262.66831,610.93578,1.1344003,0.0
Boughrara,28428.5962,239.20799,450.77972,0.0,0.0
Boughrara,31881.733099999998,267.04638,517.70951,0.0,0.0
Boughrara,30583.4706,244.94618,608.88526,0.0,0.0
Rjim_Maatoug,35706.60527,286.67985,701.15999,1.3510185,0.0
Boughrara,35707.9827,294.67845,624.01377,0.0,0.0
Boughrara,32282.658799999997,276.49197,463.34618,0.0,0.0
Boughrara,30751.627,264.68852,428.2775,0.0,0.0
Rjim_Maatoug,31694.94679,263.78439,529.32901,1.1608845,0.0
Boughrara,30521.1234,244.57406,606.37174,0.0,0.0
Boughrara,32886.4353,286.86775,419.96603,0.0,0.0
Boughrara,34167.9456,300.91765,407.61806,0.0,0.0
Boughrara,31641.040800000002,263.58402,528.26388,0.0,0.0
Boughrara,30090.5101,254.57169,463.33411,0.0,0.0
Boughrara,31879.5621,271.34117,474.54451,0.0,0.0
Boughrara,33377.440899999994,284.39876,493.75649,0.0,0.0
Rjim_Maatoug,27396.901394,222.52209,511.84316,1.3130397,0.0
Boughrara,27041.0485,225.02596,453.84525,0.0,0.0
Boughrara,33544.82,286.08829,493.5991,0.0,0.0
Boughrara,33236.9213,287.90859,444.60623,0.0,0.0
Rjim_Maatoug,26265.439198,201.03527,613.90144,1.1448899,0.0
Rjim_Maatoug,32655.019140000004,269.05513,572.60748,1.171567,0.0
Rjim_Maatoug,32289.092788,261.49139,611.62267,1.1863544,0.0
Rjim_Maatoug,31566.235778,248.55877,668.48239,1.2767439,0.0
Boughrara,33855.412599999996,292.69167,458.62456,0.0,0.0
Boughrara,24512.612,193.68826,514.3786,0.0,0.0
Boughrara,30578.7638,260.92216,448.65478,0.0,0.0
Boughrara,31049.7513,260.27791,502.19603,0.0,0.0
Boughrara,29494.5494,250.45942,444.86074,0.0,0.0
Boughrara,30471.351300000002,264.9594,397.54113,0.0,0.0
Rjim_Maatoug,32680.082472000002,270.09386,564.88677,1.0914386,0.0
Rjim_Maatoug,30725.813656,260.80447,461.8277,1.3544828,0.0
Boughrara,29990.1207,247.05245,528.48757,0.0,0.0
Boughrara,36313.071599999996,322.31593,408.14786,0.0,0.0
Rjim_Maatoug,33603.009852,276.15807,596.18363,1.2683276,0.0
Rjim_Maatoug,32978.662459650004,268.74262,608.08366,1.0831334,0.38023833
Boughrara,34962.9574,300.89845,487.31124,0.0,0.0
Boughrara,32720.999299999996,286.43001,407.79983,0.0,0.0
Rjim_Maatoug,35927.489158,298.66319,603.40828,1.3543679,0.0
Boughrara,26428.9538,215.21193,490.77608,0.0,0.0
Rjim_Maatoug,24517.470994,198.46949,464.72656,1.1628197,0.0
Rjim_Maatoug,34750.237402,297.14039,500.45523,1.5823051,0.0
Rjim_Maatoug,34002.373202,285.00402,547.92121,1.1379551,0.0
Rjim_Maatoug,30126.990676,253.7638,472.27049,1.3952888,0.0
Rjim_Maatoug,29447.700269999998,245.18586,490.33465,1.2883885,0.0
Boughrara,31434.7673,271.06624,432.81433,0.0,0.0
Boughrara,32759.648999999998,283.49629,441.002,0.0,0.0
Boughrara,29555.867199999997,252.28954,432.69132,0.0,0.0
Boughrara,28471.7719,238.24562,464.72099,0.0,0.0
Boughrara,35410.0088,295.22232,588.77768,0.0,0.0
Boughrara,32116.8069,275.73001,454.38059,0.0,0.0
Boughrara,30101.192799999997,250.8023,502.09628,0.0,0.0
Boughrara,26852.066499999997,225.25759,432.63075,0.0,0.0
Rjim_Maatoug,32979.721972,269.62046,599.39153,1.1880336,0.0
Rjim_Maatoug,31245.174713999997,250.76276,614.80966,1.0401057,0.0
Boughrara,30888.899999999998,260.44273,484.4627,0.0,0.0
Boughrara,30587.695200000002,269.41629,364.60662,0.0,0.0
Rjim_Maatoug,25604.422215849998,201.17654,546.01268,1.2348193,0.38900597
Boughrara,28624.1686,243.92616,423.15526,0.0,0.0
Boughrara,33202.8732,281.20751,508.21222,0.0,0.0
Boughrara,32433.4168,277.0453,472.88868,0.0,0.0
Boughrara,31441.873199999995,261.08408,533.34652,0.0,0.0
Boughrara,31406.6528,258.64772,554.18808,0.0,0.0
Rjim_Maatoug,28358.929133999998,228.60403,547.5685,1.1420567,0.0
Rjim_Maatoug,32055.317500475,260.1193,601.98843,1.1555872,0.078291295
Rjim_Maatoug,35969.299614,306.5792,528.93836,1.0998007,0.0
Rjim_Maatoug,35422.782588,289.13867,648.40031,1.2456244,0.0
Rjim_Maatoug,30241.664542000002,247.83967,543.10717,1.3312921,0.0
Rjim_Maatoug,31083.557914,253.54519,570.10338,1.4002557,0.0
Boughrara,33883.3066,284.5384,542.94666,0.0,0.0
Rjim_Maatoug,35186.546292,297.57567,540.24828,1.3248246,0.0
Boughrara,34309.9115,282.71225,603.86865,0.0,0.0
Boughrara,31111.411,267.74098,433.7313,0.0,0.0
Boughrara,30495.624,250.01888,549.3736,0.0,0.0
Boughrara,32121.165100000002,274.04469,471.66961,0.0,0.0
Rjim_Maatoug,34646.94929,295.59454,506.07546,1.3370345,0.0
Rjim_Maatoug,36232.74181,309.56885,525.07613,1.2547755,0.0
Boughrara,31931.7544,270.20844,491.09104,0.0,0.0
Boughrara,30277.556500000002,259.42135,433.54215,0.0,0.0
Boughrara,33367.3292,287.4272,462.46092,0.0,0.0
Boughrara,31027.712,263.63418,466.4294,0.0,0.0
Rjim_Maatoug,32257.895505999997,264.64489,576.72778,1.3064353,0.0
Rjim_Maatoug,33330.679972,278.99879,540.6988,1.1906486,0.0
Boughrara,33859.224200000004,277.60827,609.83972,0.0,0.0
Boughrara,32425.8186,278.41783,458.40356,0.0,0.0
Boughrara,29353.6508,246.56356,469.72948,0.0,0.0
Boughrara,30278.268500000002,259.07792,437.04765,0.0,0.0
Boughrara,32635.9537,273.99393,523.65607,0.0,0.0
Boughrara,30068.025100000003,253.12419,475.56061,0.0,0.0
Boughrara,28788.704,232.48131,554.0573,0.0,0.0
Rjim_Maatoug,32318.361994000003,270.18114,527.37671,1.3240447,0.0
Boughrara,32581.724599999998,278.359,474.58246,0.0,0.0
Rjim_Maatoug,34659.745476000004,295.41559,509.0656,1.3765238,0.0
Boughrara,29769.7686,248.2495,494.48186,0.0,0.0
Boughrara,34143.9609,293.00606,484.33549,0.0,0.0
Boughrara,34194.2522,285.02403,569.18492,0.0,0.0
Rjim_Maatoug,32264.221610000004,259.6471,627.72451,1.1133255,0.0
Rjim_Maatoug,29143.841395999996,244.85583,463.32581,1.2500148,0.0
Rjim_Maatoug,24661.265550000004,193.3599,530.02246,1.2525475,0.0
Rjim_Maatoug,36933.451392,322.44646,465.91528,1.4826296,0.0
Rjim_Maatoug,31082.800376,256.93188,536.28818,1.3365288,0.0
Boughrara,28506.3347,239.47291,455.90437,0.0,0.0
Boughrara,33645.8803,282.6685,537.90303,0.0,0.0
Boughrara,31801.4752,267.85227,501.62482,0.0,0.0
Rjim_Maatoug,33466.287703999995,273.03574,613.96258,1.1543952,0.0
Boughrara,29040.847100000003,236.64867,537.59801,0.0,0.0
Boughrara,33920.0417,291.97753,472.22887,0.0,0.0
Rjim_Maatoug,33243.807838,269.07148,631.14278,1.2616019,0.0
Rjim_Maatoug,31002.622001999996,255.24828,544.88398,1.4477101,0.0
Rjim_Maatoug,34979.570148,289.3057,602.46774,1.2161374,0.0
Boughrara,32934.01119999999,278.69451,506.45602,0.0,0.0
Boughrara,30738.9721,259.22902,481.60701,0.0,0.0
Boughrara,27758.486900000004,225.95757,516.27299,0.0,0.0
Boughrara,34546.2059,294.12093,513.41129,0.0,0.0
Boughrara,31307.131,270.06418,430.0713,0.0,0.0
Boughrara,34042.2043,288.90846,515.13583,0.0,0.0
Rjim_Maatoug,29777.754141999998,240.95233,565.89072,1.1806971,0.0
Boughrara,35319.2978,307.70878,454.84198,0.0,0.0
Rjim_Maatoug,29484.703836,246.24369,483.80182,1.1158318,0.0
Rjim_Maatoug,31869.729386,265.1597,532.93349,1.2212243,0.0
Boughrara,32998.8509,276.15938,538.29129,0.0,0.0
Boughrara,36280.81449999999,308.52149,542.86655,0.0,0.0
Rjim_Maatoug,32535.879364,266.21156,589.41687,1.0277332,0.0
Boughrara,33895.0491,297.97902,409.71471,0.0,0.0
Boughrara,28431.7002,235.47464,488.42362,0.0,0.0
Boughrara,32357.2439,267.99914,555.73299,0.0,0.0
Rjim_Maatoug,27734.174592,223.91744,532.01473,1.1141646,0.0
Boughrara,33550.272300000004,287.68639,478.16333,0.0,0.0
Boughrara,29064.5706,245.24362,454.02086,0.0,0.0
Rjim_Maatoug,28969.552872,236.66913,527.84929,1.2073486,0.0
Boughrara,32934.6922,271.62845,577.18472,0.0,0.0
Boughrara,31402.550900000002,257.13484,568.90669,0.0,0.0
Boughrara,31253.702000000005,263.46766,490.6936,0.0,0.0
Boughrara,28654.610599999996,250.52935,360.16756,0.0,0.0
Rjim_Maatoug,31257.329622,261.50747,508.2729,1.1926811,0.0
Rjim_Maatoug,32685.1037,274.16976,524.18811,1.31233,0.0
Boughrara,32757.272299999997,282.20005,453.72673,0.0,0.0
Boughrara,31816.190000000002,265.40951,527.5239,0.0,0.0
Rjim_Maatoug,32134.693820000004,271.69328,494.022,1.257291,0.0
Boughrara,32207.7255,275.35645,467.20805,0.0,0.0
Boughrara,32521.515699999996,275.20721,500.07947,0.0,0.0
Boughrara,32405.5243,270.3217,537.33543,0.0,0.0
Boughrara,33317.2601354,280.20029,529.26472,0.22919677,0.0
Boughrara,34412.7027,288.10053,560.26497,0.0,0.0
Boughrara,29172.3994,236.77835,549.45644,0.0,0.0
Boughrara,33685.57000000001,280.97354,558.8216,0.0,0.0
Boughrara,30671.7287,268.44386,382.73427,0.0,0.0
Rjim_Maatoug,30776.364621999997,258.88485,486.18086,1.3035511,0.0
Boughrara,29829.433599999997,251.87847,464.15866,0.0,0.0
Boughrara,32640.5713,273.96665,524.39063,0.0,0.0
Boughrara,33555.8953,276.99429,585.64663,0.0,0.0
Boughrara,28872.3468,239.52291,492.00558,0.0,0.0
Boughrara,38158.4611,321.38195,602.02661,0.0,0.0
Boughrara,31936.024,269.41966,499.4058,0.0,0.0
Rjim_Maatoug,33160.81106,285.40542,459.92733,1.049788,0.0
Boughrara,28638.7448,238.80607,475.81378,0.0,0.0
Rjim_Maatoug,36901.269382,324.35022,444.32839,1.1481741,0.0
Boughrara,34674.1964,292.39175,543.50214,0.0,0.0
Boughrara,28592.363699999998,242.16992,437.53717,0.0,0.0
Rjim_Maatoug,27144.487139999997,224.92135,463.04156,1.096827,0.0
Rjim_Maatoug,29345.514746,240.56415,526.56996,1.1700073,0.0
Rjim_Maatoug,29374.7896,243.81551,496.37167,1.476095,0.0
Rjim_Maatoug,34764.827428,289.32406,580.67845,1.2818464,0.0
Boughrara,32512.3917,281.79337,433.30547,0.0,0.0
Boughrara,29048.147399999998,247.01242,434.69054,0.0,0.0
Rjim_Maatoug,32201.120042000002,264.88765,568.62253,1.3064871,0.0
Rjim_Maatoug,32984.571022,274.62107,549.57057,1.3379161,0.0
Boughrara,31383.5322,264.55723,492.78092,0.0,0.0
Boughrara,33184.1515,289.0675,427.74015,0.0,0.0
Rjim_Maatoug,33341.058103999996,279.5334,536.32488,1.2234652,0.0
Rjim_Maatoug,33911.274006,286.79269,520.43152,1.3844903,0.0
Boughrara,31037.0312,267.42001,429.50302,0.0,0.0
Boughrara,29683.738,256.95744,398.7994,0.0,0.0
Boughrara,33975.6589,294.75799,449.98599,0.0,0.0
Boughrara,31176.1672,258.97135,527.90322,0.0,0.0
Rjim_Maatoug,32158.90844,268.72529,526.10739,1.265277,0.0
Rjim_Maatoug,28231.168942,228.21658,538.56832,1.1913871,0.0
Boughrara,29125.6656,236.8186,544.38056,0.0,0.0
Rjim_Maatoug,33874.938054000006,275.30632,632.16259,1.1340077,0.0
Boughrara,28965.064700000003,237.39988,522.50767,0.0,0.0
Boughrara,31747.0382,261.09891,563.71472,0.0,0.0
Rjim_Maatoug,27954.33273,229.96012,493.27653,1.2777715,0.0
Boughrara,36882.8815,320.58019,482.48625,0.0,0.0
Boughrara,33373.8267,283.27715,504.61117,0.0,0.0
Boughrara,26233.6711,217.91606,444.20651,0.0,0.0
Rjim_Maatoug,33246.501486,281.03859,511.53295,1.3656493,0.0
Boughrara,32456.569,271.52231,530.4338,0.0,0.0
Rjim_Maatoug,36148.410174,297.29338,639.32083,1.2931937,0.0
Rjim_Maatoug,30114.022706000003,239.25191,616.26621,1.3084803,0.0
Boughrara,27236.958400000003,224.66595,477.03634,0.0,0.0
Rjim_Maatoug,34273.2758,282.0066,604.90498,1.1783,0.0
Boughrara,28064.923000000003,222.67933,579.699,0.0,0.0
Rjim_Maatoug,32759.64305,268.82722,585.51428,1.0889125,0.0
Boughrara,31685.3015,274.79937,420.53645,0.0,0.0
Boughrara,30852.7712,263.05822,454.69492,0.0,0.0
Boughrara,31048.375500000002,259.97055,505.13205,0.0,0.0
Rjim_Maatoug,31599.697452,269.45029,462.74235,1.3622476,0.0
Boughrara,33404.1897,283.4938,505.48097,0.0,0.0
Rjim_Maatoug,34425.053764000004,284.19642,598.3691,1.0860382,0.0
Rjim_Maatoug,35026.049,285.49563,645.22603,1.211285,0.0
Rjim_Maatoug,34117.150504,284.96432,559.22988,1.4209852,0.0
Rjim_Maatoug,33138.747744,280.23169,508.74563,1.4061222,0.0
Boughrara,28569.708100000003,247.1331,385.63981,0.0,0.0
Boughrara,32068.450200000003,268.63938,520.45122,0.0,0.0
Rjim_Maatoug,32468.053782000003,273.80085,506.65713,1.0698741,0.0
Boughrara,30901.0038,261.57282,474.37218,0.0,0.0
Rjim_Maatoug,31638.042110000002,262.74785,533.59355,1.3660805,0.0
Rjim_Maatoug,30062.128941999996,245.6563,547.13624,1.2568271,0.0
Rjim_Maatoug,31850.215134,260.48312,577.94703,1.1216417,0.0
Boughrara,35517.7843,319.10104,360.76803,0.0,0.0
Rjim_Maatoug,31941.388335999996,258.06735,610.70674,1.3792968,0.0
Boughrara,34823.8734,300.98754,472.51194,0.0,0.0
Boughrara,31650.775500000003,273.50742,430.00335,0.0,0.0
Rjim_Maatoug,33868.728472,283.68264,547.81877,1.1138386,0.0
Boughrara,31138.441700000003,257.48973,538.94687,0.0,0.0
Rjim_Maatoug,28402.88417355,224.95064,588.32561,1.0562044,0.68799711
Rjim_Maatoug,37213.574684,319.48874,524.37145,1.0493092,0.0
Rjim_Maatoug,30846.696706000002,246.92665,612.76034,1.3214153,0.0
Boughrara,31324.2062,255.89934,573.42722,0.0,0.0
Boughrara,35129.082200000004,303.71911,475.71712,0.0,0.0
Rjim_Maatoug,30513.187793999998,237.39962,674.74125,1.2906647,0.0
Boughrara,31233.7696,260.37022,519.67476,0.0,0.0
Boughrara,26316.8613,214.25408,489.14533,0.0,0.0
Boughrara,34989.0418,299.24097,506.49448,0.0,0.0
Rjim_Maatoug,30596.516987999996,256.02918,496.79992,1.2799894,0.0
Boughrara,33035.3974,282.56813,477.85844,0.0,0.0
Boughrara,32797.3642,282.94448,450.29162,0.0,0.0
Boughrara,30745.333899999998,257.4805,499.72839,0.0,0.0
Rjim_Maatoug,33115.69782,276.15585,547.50958,1.250851,0.0
Rjim_Maatoug,32415.471080000003,258.50358,653.9385,1.286404,0.0
Boughrara,35355.413499999995,306.63577,469.18365,0.0,0.0
Rjim_Maatoug,32868.994144,278.47816,499.26676,1.4255272,0.0
Boughrara,31874.3322,272.32821,464.15112,0.0,0.0
Rjim_Maatoug,31650.961973999998,258.93591,573.41069,1.1632037,0.0
Boughrara,31332.4335,265.55032,477.74015,0.0,0.0
Rjim_Maatoug,31215.23305,259.89507,520.03921,1.2666975,0.0
Boughrara,27655.174400000004,229.02153,475.30214,0.0,0.0
Boughrara,30281.9071,259.49328,433.25791,0.0,0.0
Boughrara,31433.1745,261.08008,532.51665,0.0,0.0
Boughrara,29607.9857,251.61378,444.66077,0.0,0.0
Boughrara,29243.0487,235.34488,570.85607,0.0,0.0
Rjim_Maatoug,29329.524096,243.79695,492.70603,1.1384398,0.0
Boughrara,35540.3815,299.46749,559.36325,0.0,0.0
Boughrara,31084.014799999997,265.4838,453.56348,0.0,0.0
Boughrara,30332.043299999998,256.5533,467.67133,0.0,0.0
Rjim_Maatoug,29363.197598,227.47735,658.825,1.3606299,0.0
Rjim_Maatoug,34224.620326,279.03923,629.32737,1.3711813,0.0
Rjim_Maatoug,27444.595932,225.7136,484.96815,1.1777216,0.0
Boughrara,31586.9015,253.51088,623.58135,0.0,0.0
Rjim_Maatoug,31648.681854000002,259.83544,563.92818,1.2928027,0.0
Boughrara,33294.341700000004,286.67961,462.63807,0.0,0.0
Rjim_Maatoug,35051.935725999996,294.5757,556.71305,1.3617613,0.0
Boughrara,34786.9842,307.58616,402.83682,0.0,0.0
Boughrara,31254.670700000002,270.61894,419.27767,0.0,0.0
Rjim_Maatoug,33743.04982199999,277.89014,592.99092,1.2063311,0.0
Boughrara,32715.8263,284.06416,430.94103,0.0,0.0
Boughrara,31470.227,258.9086,557.9367,0.0,0.0
Rjim_Maatoug,30740.62537,259.99084,471.68545,1.2343435,0.0
Rjim_Maatoug,29570.84043,238.50195,569.58057,1.2419865,0.0
Boughrara,27697.5078,231.26098,457.14098,0.0,0.0
Boughrara,31032.5428,270.92598,393.99448,0.0,0.0
Boughrara,33165.3031,284.88644,467.66591,0.0,0.0
Rjim_Maatoug,34308.023482000004,288.58078,542.29564,1.3494541,0.0
Boughrara,31283.436199999996,265.6081,472.26262,0.0,0.0
Rjim_Maatoug,33424.90423,276.95209,570.2998,1.3348615,0.0
Rjim_Maatoug,32859.578348,265.04459,633.04356,1.2341874,0.0
Rjim_Maatoug,31856.599236000002,270.97725,473.3701,1.2586618,0.0
Boughrara,32229.0281,270.88728,514.03001,0.0,0.0
Rjim_Maatoug,30517.975276999998,243.28797,616.92322,0.99730385,0.0
Rjim_Maatoug,32292.381277999997,264.79668,578.57647,1.3474289,0.0
Boughrara,29508.6938,244.59856,504.88378,0.0,0.0
Boughrara,32015.8276,267.04075,531.17526,0.0,0.0
Rjim_Maatoug,36306.670446000004,303.94529,588.58031,1.3169173,0.0
Rjim_Maatoug,32045.655868,266.93779,532.53034,1.3286734,0.0
Boughrara,33872.9901,295.69482,430.35081,0.0,0.0
Rjim_Maatoug,29757.803234,236.9621,603.09901,1.5301567,0.0
Boughrara,30031.9563,244.35148,559.68083,0.0,0.0
Rjim_Maatoug,33266.236444,276.35453,560.37631,1.3510172,0.0
Rjim_Maatoug,31335.095222,255.32771,577.71901,1.2567061,0.0
Boughrara,33016.6819,279.16127,510.05549,0.0,0.0
Rjim_Maatoug,29288.206068000003,232.84538,597.87383,1.2464884,0.0
Boughrara,28880.8588,238.67561,501.32978,0.0,0.0
Rjim_Maatoug,31959.869678000003,272.97607,463.92158,1.1523439,0.0
Rjim_Maatoug,29178.618001999996,232.49569,590.58434,1.1602801,0.0
Rjim_Maatoug,29454.451948,239.79326,545.22096,1.1458174,0.0
Rjim_Maatoug,31939.547824,265.10748,540.53077,1.1746062,0.0
Rjim_Maatoug,30873.324098,254.11948,543.82238,1.1576149,0.0
Rjim_Maatoug,31378.124924,261.43628,520.76044,1.3446262,0.0
Boughrara,23156.7199,186.623,449.44199,0.0,0.0
Rjim_Maatoug,31086.266364000003,259.45898,511.80394,1.1164482,0.0
Boughrara,32890.727199999994,283.39482,455.12452,0.0,0.0
Rjim_Maatoug,31999.187664,260.62594,591.37538,1.1419932,0.0
Boughrara,34338.1633,293.01893,503.62703,0.0,0.0
Boughrara,29804.5134,255.32804,427.17094,0.0,0.0
Rjim_Maatoug,31290.392214000003,263.58562,490.80069,1.1911657,0.0
Rjim_Maatoug,36212.511758,305.0059,568.96603,1.1130729,0.0
Boughrara,31204.572700000004,257.21922,548.26507,0.0,0.0
Boughrara,32732.524699999998,283.82851,434.96737,0.0,0.0
Boughrara,29739.930800000002,243.08454,543.14768,0.0,0.0
Rjim_Maatoug,32116.740328,268.25924,526.65358,1.2140264,0.0
Rjim_Maatoug,31106.989078000002,261.90312,489.12416,1.2717739,0.0
Rjim_Maatoug,29941.362022000005,238.97047,602.13358,1.1489611,0.0
Boughrara,29808.450100000002,255.93286,421.51641,0.0,0.0
Boughrara,32078.116499999996,274.11542,466.65745,0.0,0.0
Boughrara,33741.0207,276.1882,612.22007,0.0,0.0
Boughrara,34187.3277,284.24015,576.33127,0.0,0.0
Rjim_Maatoug,35076.648530000006,289.61437,608.75913,1.3810115,0.0
Boughrara,32125.8885,266.0486,552.10285,0.0,0.0
Boughrara,31061.5879,254.82251,557.93369,0.0,0.0
Boughrara,36031.2967,298.11237,622.00597,0.0,0.0
Boughrara,28359.4848574,247.43322,361.36524,0.12552287,0.0
Boughrara,29281.967000000004,250.89884,419.2083,0.0,0.0
Rjim_Maatoug,30150.898872,244.30416,569.23884,1.4047236,0.0
Boughrara,32301.738599999997,278.1713,448.46086,0.0,0.0
Rjim_Maatoug,27069.091274,215.54069,549.31365,1.0942887,0.0
Boughrara,30266.7274,249.22104,534.46234,0.0,0.0
Rjim_Maatoug,34946.939612,292.34467,568.82663,1.2103156,0.0
Boughrara,31942.3433,276.1243,432.99133,0.0,0.0
Boughrara,26658.82,217.83282,487.5538,0.0,0.0
Rjim_Maatoug,31707.860988,264.02643,527.92046,1.3006694,0.0
Boughrara,33280.9569,271.88003,609.29539,0.0,0.0
Boughrara,36530.4272,312.82304,524.81232,0.0,0.0
Boughrara,28296.7283,241.44287,415.24413,0.0,0.0
Rjim_Maatoug,31145.370639999997,257.40153,537.47242,1.524672,0.0
Boughrara,25236.2589,208.6129,437.49689,0.0,0.0
Boughrara,28653.158300000003,232.71942,538.12163,0.0,0.0
Boughrara,34734.5154,299.29731,480.47844,0.0,0.0
Boughrara,29031.035799999998,242.72222,475.88138,0.0,0.0
Boughrara,24872.4541,200.24124,484.83301,0.0,0.0
Boughrara,32156.3783,278.99451,425.69273,0.0,0.0
Rjim_Maatoug,32640.479573999997,272.80708,533.12596,1.4255987,0.0
Boughrara,26646.7194,214.53576,519.31434,0.0,0.0
Boughrara,32486.1429,272.95019,519.11239,0.0,0.0
Boughrara,25415.163,196.97411,571.7752,0.0,0.0
Boughrara,33138.3247,272.74027,586.42977,0.0,0.0
Rjim_Maatoug,38468.23272358,320.89559,635.36435,1.2265486,0.099850316
Rjim_Maatoug,29754.934061999997,258.04344,392.62578,1.2166131,0.0
Rjim_Maatoug,30785.936368000002,247.2399,603.68287,1.2558834,0.0
Boughrara,34711.65032840001,297.0948,499.57927,0.31888142,0.0
Rjim_Maatoug,31584.313426,249.80635,658.15082,1.1085113,0.0
Boughrara,30815.6407,260.83037,473.26037,0.0,0.0
Rjim_Maatoug,30089.497792000002,242.27439,583.56824,1.3188196,0.0
Rjim_Maatoug,31207.985335999998,263.66218,481.81447,1.1811318,0.0
Rjim_Maatoug,32286.539076,269.95623,526.55643,1.2675888,0.0
Boughrara,28317.5658,232.73539,504.40268,0.0,0.0
Boughrara,34989.9636,296.58779,533.11846,0.0,0.0
Rjim_Maatoug,30125.430194,249.34054,516.51212,1.3127497,0.0
Rjim_Maatoug,36679.574872,311.00469,555.31517,1.2977086,0.0
Rjim_Maatoug,32904.3223,279.22843,495.32205,1.41294,0.0
Rjim_Maatoug,34402.211643999995,301.72711,420.2232,1.3634322,0.0
Boughrara,33028.4548,272.87577,574.08778,0.0,0.0
Rjim_Maatoug,32224.387722000003,276.41457,456.24437,1.0243511,0.0
Boughrara,31896.182899999996,265.4736,534.88229,0.0,0.0
Rjim_Maatoug,34673.191644000006,292.08776,544.15088,1.1453422,0.0
Boughrara,31823.021399999998,267.1819,510.48314,0.0,0.0
Rjim_Maatoug,30786.364062,253.24547,543.81618,1.1827631,0.0
Boughrara,34122.8411,298.7928,424.35611,0.0,0.0
Rjim_Maatoug,30081.224548,242.97916,576.01677,1.1570424,0.0
Boughrara,32495.8132,286.33434,386.23792,0.0,0.0
Rjim_Maatoug,30254.09194,244.69271,576.17228,1.154907,0.0
Boughrara,31417.6425,264.68856,494.87865,0.0,0.0
Boughrara,34455.0537,292.19003,523.60507,0.0,0.0
Boughrara,30238.4136,250.09029,522.93846,0.0,0.0
Rjim_Maatoug,33006.915922,277.91175,519.18736,1.1933661,0.0
Boughrara,33857.336599999995,297.02065,415.52716,0.0,0.0
Boughrara,31532.6569,264.51474,508.11829,0.0,0.0
Boughrara,35424.5043,312.10421,421.40833,0.0,0.0
Rjim_Maatoug,32019.457354,257.37614,625.60888,1.2877277,0.0
Boughrara,30709.013000000003,257.98367,491.0646,0.0,0.0
Boughrara,31372.331000000002,267.15453,465.6878,0.0,0.0
Rjim_Maatoug,32772.186841999996,269.13897,583.48243,1.1732771,0.0
Boughrara,33841.248,284.12384,542.8864,0.0,0.0
Boughrara,26172.036099999998,212.26438,494.55981,0.0,0.0
Boughrara,30946.578899999997,264.65144,448.14349,0.0,0.0
Boughrara,32106.1931,274.16221,468.99721,0.0,0.0
Rjim_Maatoug,34548.175736000005,297.49777,477.12846,1.3557068,0.0
Rjim_Maatoug,34396.967308,287.58767,561.2053,1.3073654,0.0
Rjim_Maatoug,35861.643812,306.29449,520.53725,1.3411156,0.0
Rjim_Maatoug,29791.400982000003,242.49422,551.30936,1.4442691,0.0
Boughrara,33591.436700000006,286.148,497.66367,0.0,0.0
Boughrara,31737.5421,263.07176,543.03661,0.0,0.0
Boughrara,30665.567600000002,271.44954,352.06136,0.0,0.0
Boughrara,31039.288299999997,253.89949,564.93393,0.0,0.0
Rjim_Maatoug,33783.880686000004,287.01603,505.27366,1.4770543,0.0
Boughrara,28054.058900000004,223.71923,568.21359,0.0,0.0
Boughrara,29102.268599999996,243.9329,470.89786,0.0,0.0
Rjim_Maatoug,28467.759137,227.39201,570.88464,0.98558685,0.0
Rjim_Maatoug,34281.962898,295.931,466.78631,1.0499899,0.0
Boughrara,27004.327100000002,223.94,461.03271,0.0,0.0
Rjim_Maatoug,29349.660602205,239.11579,541.2413,1.2633972,0.080131641
Boughrara,28951.1001,236.36602,531.44981,0.0,0.0
Rjim_Maatoug,33613.549358000004,281.6784,542.24712,1.1619079,0.0
Rjim_Maatoug,30979.34955,260.96179,485.51227,1.4023925,0.0
Boughrara,29542.7278,243.41298,520.14298,0.0,0.0
Boughrara,32294.531500000005,267.25976,556.85555,0.0,0.0
Boughrara,32839.0239,276.15312,522.37119,0.0,0.0
Rjim_Maatoug,37276.08708,320.86123,516.59959,1.198409,0.0
Boughrara,31186.032858,265.71893,461.05935,0.1773179,0.0
Rjim_Maatoug,28973.985882,226.64395,628.44178,1.2586541,0.0
Rjim_Maatoug,32135.548698000002,249.11434,719.80137,1.3050499,0.0
Boughrara,35296.9864,307.10464,458.65224,0.0,0.0
Rjim_Maatoug,32689.420972000004,261.60755,650.58041,1.1430936,0.0
Boughrara,33968.5761,283.11419,565.71571,0.0,0.0
Boughrara,31379.1117852,264.69741,490.70814,0.11446926,0.0
Boughrara,31750.903000000002,264.75285,527.5618,0.0,0.0
Boughrara,31749.161099999998,282.81969,346.71921,0.0,0.0
Boughrara,31091.121199999998,263.96612,469.45092,0.0,0.0
Rjim_Maatoug,30945.584757999997,265.72198,435.00675,1.1659629,0.0
Rjim_Maatoug,34729.924474,294.14993,528.92015,1.2864987,0.0
Boughrara,28236.6997,228.32896,540.38037,0.0,0.0
Rjim_Maatoug,35168.220784,304.18164,472.65089,1.1773942,0.0
Rjim_Maatoug,37681.857058,319.21811,573.68613,1.1592379,0.0
Boughrara,35251.273651400006,292.86953,595.88259,0.27473757,0.0
Rjim_Maatoug,31464.137064,258.84646,555.59065,1.1792282,0.0
Rjim_Maatoug,32174.473366,267.85604,536.21341,1.3367633,0.0
Boughrara,34437.960399999996,290.72949,536.50114,0.0,0.0
Boughrara,30797.2762,264.40919,435.63572,0.0,0.0
Boughrara,29257.282499999998,235.94079,566.32035,0.0,0.0
Rjim_Maatoug,30657.761886,255.07455,512.6288,1.2009443,0.0
Boughrara,34405.6749,289.95876,540.97989,0.0,0.0
Boughrara,30057.6869,264.93726,356.39609,0.0,0.0
Rjim_Maatoug,33065.623882,278.91872,514.47737,1.4489091,0.0
Boughrara,32484.0731,278.55449,462.86241,0.0,0.0
Rjim_Maatoug,32958.821683999995,266.20712,631.47693,1.1670192,0.0
Rjim_Maatoug,28691.504316000002,224.48646,621.73365,1.2760908,0.0
Rjim_Maatoug,35295.930144,292.4659,602.58421,1.1749022,0.0
Rjim_Maatoug,32491.031576,267.90013,567.25999,1.4209338,0.0
Rjim_Maatoug,33173.771584,280.47375,510.45519,1.0922342,0.0
Rjim_Maatoug,29314.690436,250.48505,424.52847,1.0450368,0.0
Boughrara,29670.6888,253.22729,434.79598,0.0,0.0
Rjim_Maatoug,32749.991554,269.17064,581.16985,1.0614527,0.0
Rjim_Maatoug,35532.054277999996,308.15151,469.49764,1.0963439,0.0
Boughrara,29433.718199999996,256.11913,382.18052,0.0,0.0
Rjim_Maatoug,31745.058518000005,262.68328,545.57185,1.0506009,0.0
Rjim_Maatoug,35214.856798,298.53403,533.71029,1.2175449,0.0
Boughrara,30466.4733,258.68027,459.84463,0.0,0.0
Boughrara,29573.1368,252.36626,433.65108,0.0,0.0
Boughrara,33986.0565,286.64258,532.17985,0.0,0.0
Boughrara,32521.3285,276.88068,483.32605,0.0,0.0
Boughrara,33812.033899999995,284.4831,536.37239,0.0,0.0
Boughrara,32290.6405,280.57984,423.26565,0.0,0.0
Boughrara,34422.4919,291.57377,526.51149,0.0,0.0
Rjim_Maatoug,32996.36333000001,274.48297,552.18907,1.3087815,0.0
Boughrara,30409.4156,259.73391,443.60246,0.0,0.0
Rjim_Maatoug,30904.281666,257.71886,510.55051,1.3445283,0.0
Boughrara,31773.0302,266.6243,511.06002,0.0,0.0
Rjim_Maatoug,32977.70109,275.20129,543.51908,1.1190645,0.0
Rjim_Maatoug,33249.466322,262.34061,699.41531,1.0626111,0.0
Rjim_Maatoug,31705.642421999997,259.32439,574.83799,1.2411761,0.0
Rjim_Maatoug,34210.0908,285.57962,562.95227,1.130305,0.0
Boughrara,27595.543000000005,233.13086,428.2457,0.0,0.0
Boughrara,29804.949399999998,247.99692,500.52574,0.0,0.0
Boughrara,32519.2906,275.67235,495.20556,0.0,0.0
Boughrara,33574.7941,294.69478,410.53161,0.0,0.0
Rjim_Maatoug,35425.234064000004,292.97185,610.37671,1.2140982,0.0
Boughrara,30057.708700000003,246.04398,545.33107,0.0,0.0
Boughrara,30186.2105,260.33783,415.24275,0.0,0.0
Rjim_Maatoug,33353.256818,280.85413,524.09102,1.3466809,0.0
Boughrara,33971.711,292.34573,473.7138,0.0,0.0
Boughrara,34054.2292,298.81566,417.26632,0.0,0.0
Boughrara,34305.7413,298.05874,449.98673,0.0,0.0
